genre,global_sales
Action,1745.2699999999693
Sports,1331.9999999999861
Shooter,1052.9399999999764
Role-Playing,934.3999999999937
Platform,828.0799999999966
Misc,803.1799999999942
Racing,728.8999999999947
Fighting,447.47999999999917
Simulation,390.4199999999976
Puzzle,243.02000000000064
Adventure,237.69000000000122
Strategy,174.50000000000057
,2.42
